n_components,reconstruction_error
1,508350511.51683116
2,61381024.76064993
3,54236109.6980994
4,52955443.72792011
5,46630690.997888975
6,3742379.2366868383
7,854032.5778740519
8,463614.75248285773
9,446701.534973642
10,78105.14419476359
11,11244.418051081286
12,9064.935857530678
13,7314.452993124897
14,249.24674473173846
15,176.6726338998117
16,1.883022853939164e-21
